model,accuracy
lr-00a4d61711172704fbab16d53d5f69cd,0.5841
lr-01a6656b17e7e659a52d8e6a32484113,0.3203
lr-01cde8f343d0390f7b41124eea67c743,0.2458
lr-038deab1af4ff25535f4a73e88af5470,0.2997
lr-03d2018fd5a9a21b044747f88e0f9508,0.2743
lr-04a6a5eb635aa203f70a374772241b26,0.7200
lr-04a7bf7e41562778a927910b071d1fd8,0.5837
lr-05742957b8509e8473218e76839cf0a8,0.7730
lr-058f0eb2704fab9b519654d19ba8fbbb,0.8029
lr-06b5ad8dbd1dacf0b04195649b50fe8d,0.3054
lr-06cb8c9c3b6b6ba275c4c27a265d9bdf,0.3814
lr-07276c315c68735f85dba3e602faa469,0.7770
lr-077706d4a52515d1432419451c8659c3,0.3041
lr-0838cae96ff1fd83f2eab720a0964d52,0.4106
lr-085b628ab06db39a069a3ac9bc4bab92,0.4470
lr-099149285fffd8dbd34c072272faf607,0.2663
lr-09b713ce34d7b1df11398622739a421e,0.8257
lr-09ccfa3de2e07b3f8c75cdc53b693133,0.3266
lr-09f2bf43b83d31a7f0960defe15ad5b4,0.2896
lr-0a6655da101912cefb123591bcc7efb3,0.6491
lr-0bdc238cb7b404cf07339eaf0849584a,0.2228
lr-0c5b30dc2303117109b5706740a37075,0.1217
lr-0d7d9a3b7c08e704503c3fccc1abd199,0.7903
lr-0dfa793bb7d75c5eeae43aec05356b1a,0.3137
lr-0e4bdc4620c00d5f47afacb01a176d66,0.4433
lr-0f470d0083cdb88933b8bc781a9dddb3,0.4547
lr-0f5820a862f4566a7b766cc9dd90be7c,0.4551
lr-0f5b3cd740cc31b1d6b76a5c7058a3aa,0.3544
lr-0f5c62c05799cc88547b41545d2264d7,0.3016
lr-0f61d6b35c259e2a4c7eb5614e389687,0.3371
lr-0f8162eeea2f6588557e3f9720dfb677,0.4143
lr-1009f3806f50ab2b8afda8bbafdeca5e,0.5539
lr-1098484f30ea1678dbd343eba2a78a64,0.3766
lr-10a08758e7969014614a26cc5c3f4683,0.4380
lr-10ab1dfa372b6cdab8c9451222925820,0.2903
lr-1147fb404db4d8c932238011f1c48ba7,0.5618
lr-114f7232c762c0b84d2188501cff2d73,0.8031
lr-126d74e65ae00f6bbd6240a24975a00e,0.7247
lr-1274bd894a61619a8abec76d2dc64dfd,0.7680
lr-136311bac3007fb9e46a9dda5a5a2819,0.2771
lr-140b85d1f9f6885d804f5bd0e318d61e,0.4207
lr-14239205a9f64e1459736f22c260838f,0.7050
lr-1476bfaae94785f1aba0974e3f160d53,0.1943
lr-16b8f97f3039052d9950ec73cf0c9dae,0.2220
lr-16ca563682e43595fc50040eacc5f43e,0.1279
lr-16d8077f8537745fd755b6ae445fb775,0.7679
lr-170669b10e216d173288b4880b461cbc,0.7823
lr-1771c5cd86fbd6dee26274b466da6b9e,0.3058
lr-1940adc8f55f607d41c60964a2dacb28,0.6587
lr-198c4f24bde71c9149400c139240a000,0.4497
lr-19f48f7d0f8fe3363f3917992b9f7cec,0.3076
lr-1ade512924d39e6a3f33982970e0105c,0.3130
lr-1b04ebe734e5a90c078c5319cff88268,0.7923
lr-1b7be610623c7287c277e55a0ea119e0,0.4686
lr-1bb79f2d1b5ed2c7463c05ebd49823b3,0.1371
lr-1c25aa29c3aa2ce67028f2e44a38057e,0.3748
lr-1c86fbd663d4f7150157052cd2aea01a,0.6145
lr-1c9dcb467c5759714af259dde86429d6,0.7215
lr-1cda0dd1407b5e1d7524cb5a88278325,0.5826
lr-1e9abf1d2529acf0d24551a5854f6e7f,0.5600
lr-1ee011484d7a12dccc265c912d59c37e,0.7239
lr-1f086d6c49a950a99aea428398afe656,0.2823
lr-1fd74cd24d40ce43c15b107887331fd4,0.5168
lr-2016ff12e11e3387291d0f3a6289cff7,0.8152
lr-20918aae4f50bcb74a0b5c87badc1496,0.7416
lr-209ff6b08468a0ec05a54febad139d31,0.3710
lr-21774ebd620c2c9beae13298adf285ee,0.2459
lr-217a7e28c535e71f1d7ab2bc47b95961,0.5716
lr-21bdfcacf433d2e9f897cccfbef73704,0.3691
lr-21da9265003b2e1b9d1620ddf6ca4fc4,0.3383
lr-22997a8c84229009ded86c24df7507ad,0.7299
lr-25f33605b4795cbd10ead34a34807493,0.7202
lr-2624a98dd60cd4556881675600617b6c,0.7824
lr-26b7b3411157448379160f6494dd4644,0.2838
lr-2752dcb8ee317ed95bafa67dd604f612,0.2727
lr-2acac2be43010c5f70e4e907f6e028fe,0.5896
lr-2b49d17233150f0bb80da67bea7c2a58,0.4363
lr-2d5410db67ee1d77e81d363ada80bac1,0.3111
lr-2d799325e9008f37b12bca97b0b768e8,0.5688
lr-2e078fbb795a63f9c0cba1756c27aa15,0.5927
lr-2e08072d841c954f8b4289de57344df5,0.2981
lr-2f769a8771ddcd68c77af94b0f871089,0.7265
lr-303cf429b2b6a5aa89aa05d8a6e70233,0.1597
lr-304c75c1b418232a17bb6d431367f6af,0.4074
lr-309bea87f245cb280141d0b9b0381462,0.1540
lr-323b3a86bc29612d1a93b691df52679c,0.7855
lr-3356795ffa52108aa86aad5e6425cb4c,0.3855
lr-336a2730706fd4650c1361b49ff314a5,0.5723
lr-34d064d01a662cfad7fe0befb7706a71,0.2575
lr-3547fb3778ed9c1d2796e03139e7f50b,0.6450
lr-35bc4462f27aa030bb99e6c066992550,0.5689
lr-35fe6df46f7167af3da72e103323cf23,0.3818
lr-362f6421a7fa785cec470cb2c6a4df3a,0.3765
lr-3641abd8c8d6b8fbab101e2cd885b1b5,0.3088
lr-3663ac3a35670e88889d17a8ac48cfa9,0.3994
lr-36a7f89da0f9f57f8c14ce51d8be5c87,0.4199
lr-36f06035b6b32b94add810f96a68d826,0.8045
lr-36faba91c2ce877b343576dfeeefce04,0.7473
lr-3757b295044dd00361ff9c0867a82df8,0.7576
lr-38155d68c2c7b8abc540a45b00221d35,0.4158
lr-38689e96620b666ae8f95a96cb8b1b39,0.7943
lr-387fdf18154d02450fb61e04dca03092,0.1745
lr-3a8d26c28581138c5595eb88ecd8ffaa,0.8004
lr-3b8b948e3083fe8ed77791e8509bff31,0.7310
lr-3be7900314309eb4a41b38ab7ba12e83,0.5828
lr-3c59e61cf3d342d1f66cc7eafc90379b,0.6928
lr-3c64dd1fe13316592623dcc5f0b54e85,0.4826
lr-3cc757e84f7de84adaca1da425678aff,0.3278
lr-3d8f9527af05b47a06b6025952594733,0.7702
lr-3deb24fd925e025577674794a08098ef,0.3995
lr-3ed0b9945de6f819a27178aadc495df2,0.2632
lr-3ee525f50a8cad7440dd4f793a6dce83,0.7230
lr-3f24f993f973ca1f4848238c5692b773,0.7763
lr-3f2be99832e892b5d4fb15ecb4328e0e,0.3286
lr-3f48e8f0263bffafb3f55c8e4025563d,0.3060
lr-3f504c442a3b49606bafcbdf26495cf1,0.8298
lr-3fbfb8e094487e214dec98a8e1413ce8,0.4282
lr-3fc3eb8ad7ae0e21dec13e0938546e00,0.3969
lr-3fc90958a322e69b1d21610eaa26d1d7,0.7819
lr-404d4be5dd60c59d68dad3c823fb7284,0.2243
lr-412c0b1d096a68c0cd6be8db1e23b47a,0.5154
lr-413fa269f6c88052024ccf65c36c4c8e,0.7098
lr-419d01ce196b9b12f3fbce3b2111b3ad,0.5550
lr-41a53fb531521fcb94463b5f1e9e73bb,0.2218
lr-423984c3583a46c7bc75892d3d74be9c,0.5469
lr-4267224cce09befc0c37066188f6c3aa,0.8150
lr-43200ad85227fa3896c99fc7b2ab6de1,0.7768
lr-442857a15c4834c7cbf483ce3437774c,0.2732
lr-446d84efb269a63a628156048786d775,0.2778
lr-44b7be8576d6e4d2c87e2d36d9331d5f,0.3836
lr-44ce1e69da264b7e0b304decc003b6d4,0.7090
lr-451616fd2826df02eb735178907fee9b,0.8039
lr-452c7476c382861790ddb5944d58f8fd,0.7060
lr-4623fb821bb3244c81cdfdd9f15b11c5,0.2849
lr-466c5bb2a19144a3bbf61a0ee0d892c4,0.4009
lr-46d7088102056d5b756bcf79b3c23ba6,0.7326
lr-48115a25ae582efbde7fcb0ea3ce18a9,0.7532
lr-49387ab98025d2f8019df332ee5c2b4b,0.7429
lr-49dd8648406b6e749bcf0f5274a88e61,0.7988
lr-49e803d295335b8d9b5f8881c8976aa7,0.7455
lr-4b6112d17bda74c78d1d94c95fd9f991,0.5919
lr-4c03dae63d2c0912c260aaa080ba86ef,0.6443
lr-4c06369eb5d03b1263afa2c3f1d78787,0.6710
lr-4c1efb48e0f9fab50b42eceea332bf2c,0.2703
lr-4c4d49d6196413a41bebcfdf1be09e33,0.7609
lr-4c9a5b2bdf665060d023ba5fb1a5692c,0.4218
lr-4d3d606ff9178962b3e474668c9774cc,0.3632
lr-4e9a8062998acf710c8f8412475cede8,0.7948
lr-4f2c740083f8985efe1cd0107b8e62fc,0.5842
lr-4f526ae4ba84d75fe6ff19be852f7b38,0.6617
lr-4f87915426b7b6847c8b7ed90e54e7ff,0.3331
lr-5046ef6342f21916e8544b0b61e8eae5,0.3233
lr-51fb508c8dba853dfa9e4f6117b23aad,0.5455
lr-527d78c705ca7dfd03d8440c10cfa93e,0.7440
lr-52c06e7a7ebf2c350824c02ab89bcbd0,0.3751
lr-537610d9065425b212dd662ecad25a49,0.8422
lr-5381bab5c5c3311bbb92f89e7406a22e,0.2749
lr-54522787360035f39d90d7808dd44bb0,0.7399
lr-5492447864f8e30ea735b4b571e1138c,0.2211
lr-54a89b2f63307df1143590c637b82906,0.4091
lr-5509da67b01d3cb87cc42799e27539dc,0.7446
lr-5673b4871893b8188f3a71dbf34742d6,0.2891
lr-569cea729c291613ec589a2b92827090,0.5831
lr-56ff1c2902228caac799719dd850adc4,0.3128
lr-577c032a602229d356c4e72b010f58d9,0.8026
lr-5811ae98704664da2629304603ef6136,0.4225
lr-58295a1c4f1ac5b9d9ae27834b0712c4,0.6978
lr-586bfc2c0ffc2007f90eb5b1358942f7,0.1994
lr-58ac57a3fa1037ce2679d39e48dd84d8,0.7959
lr-59be5f39e26657d3ae8d6f9ee5925792,0.5923
lr-59e8f39c7bc09b944315b43ce4d3e512,0.3684
lr-5a027ce15e09dad75b995e9384e213ef,0.8171
lr-5ad67a8bd97262aba1d844475a419104,0.7731
lr-5b1f16eb7d0bd38537826e6e66954379,0.4441
lr-5b34194cf6d5bad5bb3c6509cfd2bce0,0.7432
lr-5bfcf462a719ab352afde829a8836545,0.3339
lr-5cb2cbb8f38c2f5e24320b4981aa4a43,0.7849
lr-5d140975a5263f308e022c9c869db798,0.3122
lr-5d95c53b2195fcc37a28a1da6a4fe88c,0.4493
lr-5e3a593f2ef343f5c9bdf8907d45e642,0.3425
lr-5e6a6cc8efdaf62fd83eb36fc98b81c7,0.7768
lr-5eb09b66c166fe4d79cc96b83fe1889b,0.7572
lr-5ec96f66432b319d0d2a8e8a7144c8c1,0.3672
lr-5eed4d2783c1e6ffd21f491718ef3751,0.2533
lr-60747621bf24c5fbcba154895576b9dd,0.2669
lr-60f9a954592b765e6a830473d4e7bb6c,0.4178
lr-61891c0b0b4d457fadc1a4abc3f537db,0.3040
lr-619e953959edfa896279bac73b2c0e1e,0.3690
lr-61b03d7e588b17125bd386970d1020b0,0.5957
lr-621b7ef956e06d48ec15213951c6abbe,0.8202
lr-628b9d7d69dfb178a534e121bce3614c,0.8275
lr-62d3d9b9243c1155d4c72ad17a51cda4,0.8020
lr-62da22fb62c9ae84b1730438172be607,0.4593
lr-6307be8b9b202417b2554379f6593dd9,0.2652
lr-643b64c354e7e448f5e64d57fbdd85c4,0.7939
lr-644913126c6a838c564b7d3ba59c4f31,0.8018
lr-64afaecd958e90f58248ecd4522a546d,0.7378
lr-64edbe917c6c80300370f530ef9aa31a,0.8026
lr-6517ec7916b6b506e3091398abc99a30,0.3500
lr-657b95b3d8a5734d1c0ed9b30cf71d6f,0.5158
lr-658df10be4cfe1b75bc189fe34b6c839,0.8118
lr-65b13065f71f31a0a6885a21218dc187,0.4564
lr-667738a5eed49a9512afe21d459d142d,0.6912
lr-6703cc186eafc70d6964aa02e12f1673,0.4878
lr-672cfdd62fc06595fb69773d28a447a3,0.2722
lr-676e52adc539f4175a715f37b1585dee,0.7902
lr-67a4b33ebc08952fa7a5c21bcef52d22,0.7836
lr-6804861681a075245f85f6b79e0ed122,0.5202
lr-68e6f7aaa41fb73eda3e3af9374f36d6,0.7327
lr-692b523ce33fa93053299df5ef89ca80,0.4106
lr-69c4e0baccb5af530f1dda5189aaebf0,0.7096
lr-6a096921acd5762815553c08a1df38ec,0.7880
lr-6b0c4bee30953acb21991678f8d02098,0.4010
lr-6b1260e98fd8ce706979f846dd98117d,0.3464
lr-6bead86222c7db3c1f762818fb29f70d,0.4364
lr-6ca8f61039a682dd57a8071436aa0214,0.7248
lr-6cc8bd09624675928f2cd93d40e91d78,0.5994
lr-6ce936ce1a13ad928b07b79908100113,0.3609
lr-6cf4e0fbaa7b2cb32e2c50ba4a656a80,0.7359
lr-6d3b7f01ceaa6924ec262f824c80f78a,0.4528
lr-6dcd42ef2d3432280825e03fdbf18f0a,0.3196
lr-6dd11d080af11c8d428324058d1f8927,0.8058
lr-6e6443bdf27a888f38c3a070c12e0fd8,0.3367
lr-6ef5761a71e2cb570413fc6e5c7cc406,0.7431
lr-6f34b38e65b2199f171c4d7927b238e2,0.5626
lr-6fe90b1915d446108fa9cc79f2d236cd,0.4090
lr-70d33af5d70f29bd2644f34567661bf5,0.3546
lr-710a0423f0d3184eb927d2a943f3a057,0.7573
lr-710ee6f3c5ca98cad116091e64d8cb3b,0.7621
lr-718a49a77f2fdaba618e2f216633340f,0.8157
lr-71c6df321cfb1c90baa2634e09edd98b,0.6673
lr-71cfc8257b664d47f4371f482b8ae1e2,0.2866
lr-721a53b35fa250dd1e0b3f6385db1933,0.7590
lr-7255cc6590cc047fb44eaea484866685,0.3063
lr-7269fa04acb0559f61b115a77c060a21,0.8136
lr-72c48a2b017ece6c26c445052c7edfb4,0.3185
lr-737bd07e58f9ab39262f8cbcde1d5b8f,0.8020
lr-7418ca70b6dcbf313a55f28c1ca49e3b,0.4520
lr-74a74ade1f43b3f55790db9ae0688c1b,0.3678
lr-7596bcf32831c7ed384cc7e0069040c4,0.7277
lr-7636fc4c07430828ad539468ece94cc1,0.7450
lr-76ca3b9e83076d3f94dc895d495fe7a5,0.7902
lr-76ed5c604b44dc9ecd15ebd4a0d8f754,0.3764
lr-76f07b363e347eb1d88403b114e7fbbd,0.1444
lr-77a94081e33055f1622161d4e15c463b,0.7513
lr-78645f590b4f27a48d89cafa21eed401,0.2877
lr-78f804dc760ec6fc0330bb80109f31af,0.4103
lr-79729afb261d75529d4582483080743f,0.4028
lr-79f9a19e457de81fe7a8c59dbbdb28ed,0.5913
lr-7ac50184bcc02cad4eb464d5d4550b21,0.7252
lr-7af42369cb7e9bee7d7605a488991aaa,0.7743
lr-7b57c053fa4062641998cc5fb227e6d8,0.7826
lr-7b8b00eab30d9866b065cbb7c7401c71,0.2114
lr-7bae11119b0401697098876c32b419f7,0.7713
lr-7deea83616c9432968424c08332e4932,0.2938
lr-7e03d8887002ad52d14784c61bdb924b,0.3897
lr-7e504e1257a85c2c0ea5bf5c6cf3a8ca,0.2508
lr-7f997ed44fe14e75a351546c7b4075e2,0.7541
lr-807e299506fc3b30f7940f40ec314f8a,0.7180
lr-80bc1f4dc68782c9d0108ce0584c1e7c,0.7252
lr-8137aebf1d15251a7ced33ee12042217,0.7364
lr-814107e5ff86bcda3ccd998f9c0c50eb,0.7383
lr-81665316500c41db15b6c3a5e98abcdf,0.7539
lr-8191ab0a9a11afa0c549c35ca5b818ea,0.3894
lr-81d013bb360154ec8d4b945efb3cf00c,0.3198
lr-827ab5d2c85e930cba0569e88dcfe9a6,0.5905
lr-8295e438a8d38feb2288cc8edec40a34,0.4665
lr-839dbabcb7a3c2c959191a5653800c61,0.7767
lr-84b0ea2009adb313584012fced2471b2,0.8101
lr-84baf7b7f9a4d4670f89d5425ba8c1ea,0.8469
lr-85a36282e3954411449ea394e539d89c,0.7246
lr-862196e447ddcdab7f3c6bf57e3c46a6,0.3852
lr-86a9a674227808a5a3275cd186048f11,0.8064
lr-877c676a5aafee05ef031030365aa253,0.3714
lr-87b69adc6c5c3266cb0f50aeb08d80b3,0.3674
lr-87bfc5c9b214d7bac188d0ff529daa49,0.4915
lr-887a12fbca0cc01a476450beec9267d2,0.5438
lr-88f3d1793135c21d94aa3318fe5e923c,0.3757
lr-890a98bbf1d6ecec2853f1a190f7ad1c,0.7389
lr-890d4fe93dfb02bdf81edad23d79851f,0.4167
lr-8962a164423071dd863cf7af6a65c801,0.7679
lr-89a7fc2f138533e2ade93f6b1ab1e53b,0.2499
lr-89c0688986fbba8724274bd4df430027,0.7272
lr-89cf42164248cc49ea49eaa8c1010abf,0.4709
lr-8a6ec070d091357f4cf358c708eaf325,0.6324
lr-8ac3b692a1120ef392241b6c78735318,0.4087
lr-8b97295639d90ca9417bf168b1e136f7,0.5941
lr-8baefdf5468b1312332a01c7090c8302,0.3125
lr-8bd5e251a42cdd90f75bda8f95006d11,0.2391
lr-8c24fe50052cbcf81baa1aba1d901c71,0.7228
lr-8c4a2720faa2f6baee490e4ad4f885eb,0.7729
lr-8c8c4a7a3a8c29db3c93748540ba5529,0.7534
lr-8e111a12884d983de60638a7462dc228,0.4045
lr-8ed05b2932cfddfd23b988633c986d7e,0.7450
lr-8eec4e8d1076301d175d139830c7c219,0.6379
lr-8f9136e2999c06d10fb225d956196788,0.7703
lr-8fa5d8f44f69cd199da0ac1f2566d240,0.4428
lr-8fde0125a232562bb4f5c01e1e7246ca,0.7405
lr-90ca5f19a6d5e48a241be39e04a14c06,0.4549
lr-913b60d871ea41972d2c405ea06e9f43,0.5929
lr-91655326fd6b81ccd5f552dd440a34cd,0.8022
lr-9169532f0ba565a8b0b78891ee16122b,0.5275
lr-91fa34c678eafe65431a915cfcb28dda,0.7644
lr-922d378ace75cd19f3538a2a150a621d,0.7838
lr-926cfd96db3d72b8985663fbc4a9a88d,0.5794
lr-92e2dc8f41864e7996542c8c94daabed,0.4330
lr-93c9c36c66b18361e2e311bad0e34b8e,0.3985
lr-94485497b53ab21edbc8a5b604220772,0.7804
lr-95144d0dd6ebc07a7620f879ca700408,0.7774
lr-957b69c5af26c4cca4a9fb19ff17e53f,0.7182
lr-958e2d5a826442beb2f47a5d64fb8eba,0.8373
lr-9590d31f8fac36e0d6679c4d62c1cf0a,0.8235
lr-960ba83f874575f95b573434013a5add,0.6917
lr-97178795522d2d3caf0701bc8be9cc00,0.7921
lr-979dc34194574e47f3bea1b590073924,0.7918
lr-981891f4eecd0c10413e49e0e89a1266,0.8095
lr-982834f1102fdb0ace299b606d212391,0.8596
lr-9889d9fcd8eb4c6a6721764f41b253fe,0.6931
lr-98da9b47b03a00cf9326f2cae509824f,0.5759
lr-991bbbce3d46a9a7828d7df9b7e5ece0,0.3857
lr-9a48f89e98f87fc57092abacf27c48d2,0.8397
lr-9b76415588b8cc72bd057f7212946c4d,0.4508
lr-9b94309906a78ee40e4fad0bd7ab266d,0.7328
lr-9c5aca3c9d032bcd19c1059519955505,0.6745
lr-9c80b3a0ed2b85c0535d90012143b6df,0.3624
lr-9ca1451efb59cae0bcbf94c36a631d16,0.3447
lr-9dcda285d058f0892729f8e3dd773027,0.3963
lr-9ef7d532c54972265aa3965aebb9fcdc,0.3388
lr-9f7229c4e0f845d8a04835a321c69ce2,0.7596
lr-9fb35047a0c12faa1a35355fa5a1d31b,0.7602
lr-9fd71cb62b35bfa526a675821ba6b5d7,0.7305
lr-9fe0bcd00893d797517f85b62eb88154,0.7483
lr-9fe2476718588fdb3bbdbc65bb95b2cc,0.7314
lr-a0813962f3c0d633ca5767058c12b4d4,0.3130
lr-a15b7e6216cf273eb805bd94310eb2cb,0.4623
lr-a1b2a8547ad7caa88089dedeed173284,0.7076
lr-a23fd157f22f2fdf585c33b474bbe589,0.3886
lr-a347c9b8b13233563bfb76949aa4c356,0.6266
lr-a3abda4348bd3371c5e0c697b62e1f1a,0.2900
lr-a3ece703094ebaf183f7f0a1fef84a07,0.4899
lr-a50fabb5bd1ca09c52f3fe3c75523fbf,0.5929
lr-a575dd032f0429a5715155c1da971aa9,0.7305
lr-a6bbc1869fa0ba9c52367048648679d9,0.4647
lr-a797f6b80b35670a54e6a4450c344d85,0.2735
lr-a7db253e6b798bfbf37c6f5fa137927a,0.8099
lr-a894ea5d1f852b9d82b4d846bc642481,0.7908
lr-a8d13c66904bb61ae5431cfcb0638a0a,0.3340
lr-aa795ec7447dfd11210b0cf1aa07bfbf,0.6198
lr-aacfa05fe847bfda928c16036f65bc12,0.7523
lr-aae7448f7f21ef139bfd67f1d660baf3,0.2997
lr-ab12213c308688e8c9fd64cce7bc8deb,0.7225
lr-aba3cd8baa084f445d1d0a40f48b5692,0.4470
lr-ac0acd88a72a117cb27a961ee3b40926,0.2422
lr-ac9bd144e8bd2ffef40e0bc21b4723a8,0.2417
lr-aca986c26955ed7843deede7b030215b,0.2235
lr-ad15fe94151fdfd6b87b0b05db5e2e1d,0.3195
lr-ad9fff10475980cae6caff502e7a7fea,0.8066
lr-ae5c22b2e3f26099ab70604d6fea0941,0.3606
lr-aeb592bcb2af7413285920a114a750f1,0.3030
lr-af6a5405a44166685f717d2c3dc6e7fa,0.2331
lr-afcb1ef8fac009f0124dea1573fd7440,0.7242
lr-afd558c88783b98a21ce495c1ddea76e,0.8549
lr-afed68f8dd34d0484808b283ab2d6a8e,0.2923
lr-b05c0e85055a2a919b6492c8016ad5f8,0.3180
lr-b0d1fb8bd1e223d101fb1f1808465a78,0.8190
lr-b15dfa36cf3c4cbbb8ac1ac41686ce82,0.3926
lr-b16b21d5d788a349d1914b3a855baeda,0.8374
lr-b266ed1a52dceb1e2bb81b6bd4b0df71,0.3797
lr-b2853c5d6ae71675f563694eb97d5b6b,0.2376
lr-b3061ef1a9b78e518904317cd9bf0cad,0.3847
lr-b33ae1f5c57779aa4e72c5b81c2d0856,0.4183
lr-b39815a6fbe89066e0a0fee15182337d,0.4097
lr-b3b6af2e05eef0f9fcf2484fcb3dc6e8,0.8209
lr-b4063cb9855398415e4fb93502d978c8,0.6479
lr-b4a0bdb7d004a42178612a6f7f3354fd,0.6991
lr-b679852653ef2ea82a9ace9eb0d849f0,0.3278
lr-b72cb5be9b32054db9fe1468d84668b9,0.7605
lr-b7a58453d5add2e89a1a92832af6127d,0.8080
lr-b8682318e6a6555470241d0a9882dba9,0.7908
lr-b869d4bd665e88fafce9124b8573416c,0.7613
lr-b871a69dfdffde67ae3cdba97c366015,0.7807
lr-b9ae596f259e4facdcac3959e483eda1,0.7532
lr-baf515f14ff2cd092e3a2fe090b9fbd1,0.8645
lr-bcc6dcad5a517909849df1e6a1068f01,0.7231
lr-bdb3b0edcd420fde0332dcdd36e93540,0.5283
lr-bde146aad6b932c5613b72596756b826,0.2838
lr-beaefb64736bd1ea2402f00ff1d30baa,0.4099
lr-bf3321b9a1bb030c59d67a3ab8fc6323,0.2728
lr-bfb4faf01956aac8d455a8926896ad28,0.4979
lr-c027882d848eaec00dafd143b3e03974,0.3128
lr-c1ba06858a8e245d7b522f60670477e4,0.6035
lr-c20a08fc6643977c9e33a9aeebfaaf13,0.2528
lr-c2676a82ad36c212975d5f9d511cae5f,0.6357
lr-c2832daa6c107812b09bf6b5baaa894d,0.6890
lr-c38b5eec456c58b2fb079433c36409ea,0.5920
lr-c3f5bdf85b7e6c2dfe03195535f8cbfc,0.7727
lr-c4198478df0d7bf7cc66c918d9943d82,0.8187
lr-c478b21b5bc5584e994221e750bd884c,0.5833
lr-c4b4f35bf2419322e5d22e4ce4ccb340,0.5529
lr-c4ca7ee331b0c138f8a10f4590486572,0.2772
lr-c601eef2796df0302b3dbb8681281c2c,0.6639
lr-c6e670f0814ae8c83ddd12268b066c0d,0.7515
lr-c72e14b47214b15f0608f4f5faca3fd2,0.3063
lr-c74d8cbe2e27362b3016959e0b99ccf0,0.1226
lr-c758a90ae469020fb1bb761806298762,0.7934
lr-c7718f1462224b194d4e38c03c3b596a,0.7885
lr-c8c21c170cc7673cb18efd2a32e93180,0.4580
lr-c9410001da62eb84b0358ddceb4e3f84,0.7661
lr-c956bf2a8aadba62c61cca3f6bcb5837,0.7396
lr-ca88de46a2e601f7ccd66960a022c862,0.7656
lr-cb8c3e05782fc34f77cdd07178d45ec9,0.3099
lr-cbce2ab9a23117aa5352a6eadfd4e597,0.5336
lr-cc57b45605769121357f143391b8e365,0.5960
lr-cd9e208de1fce86c2ef8d69e96b09380,0.5236
lr-ce089838bd6c9fb29b37f08cb18c873e,0.7342
lr-cea842399bef1e77ae9878796bcf8f73,0.7838
lr-cffea8c79679361345cf4e383fab5dca,0.7979
lr-d063c52898139abc0899504bd76d3339,0.5948
lr-d0f5acb293552b0441aad26a0d8c2a47,0.6809
lr-d1162d13ab9f307bac6783ebb9b75d6e,0.4132
lr-d30679ca5c368df7feee88a453f53c79,0.3707
lr-d40fee0d47ecd6b58d2c7a07a3d00df0,0.2799
lr-d47ce72504a36aff8cb39e41e2d3c27d,0.1605
lr-d5448e4432f6715baebbfd405a445b85,0.5078
lr-d5f7fc416dc43aeca482a2e327244c1f,0.3612
lr-d6d4d3d388d9e2e574ed09942d600204,0.5204
lr-d6fc45193c2150497c8bf56ca31e6600,0.4619
lr-d737115fda43d9e4d5dfe85dcdd4308c,0.4706
lr-d770453e405bf573d594271f2c73682e,0.3777
lr-d88186965e91781e7aacd206191bda2b,0.8096
lr-d9582de70d953cb5963bfc14a64b08ec,0.3803
lr-d9e72f500860cc3e75267ebdec5634ed,0.3307
lr-dab5c617ba23be9579bd08fa4c9cc52e,0.4572
lr-db5c42fde94d88541b7fc91b7ba32818,0.8010
lr-db9e41a51d332e1874839ea6518738f8,0.8300
lr-dc060b3d57870fc28268a1443c2b79e4,0.2272
lr-dc2b03a6d2262ec66b0fddf1917ff7a0,0.7874
lr-dd1d37bbd4b3564369a6c5b0ff5b8af3,0.3260
lr-deade8548c3e352825eca38ceea2c864,0.4427
lr-deca706be9baed75a2fcba362e345fbc,0.4487
lr-df1092993bcdc580748cb20b421bcc15,0.4192
lr-df1dd5276abbb03e50a654df19b221a4,0.4527
lr-df2817f3c59927c959fcc65054681c61,0.8079
lr-df939be4f42031a577369d104c1c465e,0.6916
lr-dfacd439d4da6a6b3a7c1d5504c4acb8,0.8224
lr-e05404367b20485ce33ca7ae2f4410b2,0.4126
lr-e054761e73d10967ff77f93c745e3db3,0.5828
lr-e10928087331a8c43800b9ac2b0e0c08,0.2835
lr-e17d60c7f0b3fc06e894a1adfce23c8a,0.2323
lr-e1b3b7c3b71175a2bc935138838958dc,0.2792
lr-e1ce25b6c42279d42efe770139a2c399,0.4016
lr-e1dddba1c9f0c0fe37292d838234f217,0.7885
lr-e2aeaf7b85cc40013fe95c66a4965421,0.6059
lr-e323c337a16dfb888d17f7a367e8435b,0.3776
lr-e325c32a438b5116798b399c078b081c,0.1776
lr-e3482453d69cdc6ba3442e671ac7c249,0.3190
lr-e35ff27a39255ddc23d1d7104ee38871,0.7857
lr-e39961e4f91a3ed48f48563cf05884a8,0.3053
lr-e5170a8be6f30f3b77d7632e211e6fdf,0.3887
lr-e55b4a7d724300e9947b1b257e4e7736,0.4011
lr-e57e6110b45e3ead6ea6214ead44953c,0.7189
lr-e59d58f3602406a6ca299310a4f473fe,0.2302
lr-e6252ba904890c0562387c62e6ac61a7,0.4277
lr-e64fc664b5db68eb76fb2a9fe56989c5,0.6114
lr-e66ee1afb96c20f7380cdf79ea5cc5cd,0.7911
lr-e705fd236ac61e7b7576d6ed0afb1705,0.2531
lr-e76054534a49e0a133b5da9bf9f58472,0.2489
lr-e7c89fde6c1bc06a2cd5fd540ff6972b,0.7737
lr-e854c1a51420987817ef76d4df08df12,0.7436
lr-e86486bf238ffe99c476280bb05a0265,0.2795
lr-e96517bd08e3b7bc34b131ea836ce00b,0.2913
lr-ea04ee35db73db2d42e9df8a9d6569d8,0.1367
lr-ea8d3477a969dfb6ca7aeaf78e6755ce,0.7813
lr-ea950176d3f31f56088fc9ad4150346a,0.1369
lr-eb1347ff724f5e4486bd9ca5c66da8d3,0.2735
lr-eb2f7011a3099cffa9db9c2a5c385dd9,0.7824
lr-ec1893f25587476ff83e110976a7e451,0.2600
lr-ec1a4331e625a2edca6aeba761006d4a,0.7237
lr-ecd05d3c5f2465e630e2a2b414801fc2,0.7919
lr-ed4b6120e21eab8a3abfabc6eacd8f76,0.1243
lr-edbbeae7acfc78ceba486a8e8dfc8136,0.4334
lr-ee1d0db3e360336d4eeb8e2e54c72fda,0.2687
lr-ef720dcfdb87f41de173b729567f8bd7,0.6348
lr-f10e1927c7d6a6df0a8e274657733fa4,0.7547
lr-f1bac7a4c85dc135ec0563170d461ff9,0.5289
lr-f22bec169d413da016ed48367bccb7de,0.1372
lr-f251f5d2fb50edf7eb5164ca7aa7d4b1,0.3184
lr-f399eb4aa45e6627ac264c2137174517,0.3531
lr-f45c195c720e80139b18c759e33f1c2e,0.1343
lr-f4fb79bcea7845afdcf8683a8029517c,0.2759
lr-f5ec451aad0a6354cf9f4923a3ec3de1,0.4782
lr-f64ea99d6897cabcdf249738828aaf2d,0.5064
lr-f67547c0b7790be143327f1acd649e7c,0.7584
lr-f68834259c21cb0b717d5d391113f5f6,0.2691
lr-f6cd4f40f4b83e5ccded26e5e29e8a61,0.7929
lr-f6cf144aa798ae8de5f55df9cbb7d90d,0.8083
lr-f77748022a12b78abff3493558bbfccb,0.2736
lr-f8034ce9196bb88a482ded834ee5f9ff,0.4503
lr-f82d4226cade7f773d92e499626ccb41,0.3159
lr-f8c984146302473d45fa08bd6833e048,0.4607
lr-f94237ac5dd08ca43bbcf38275668928,0.2787
lr-f9e3dbbc5075c88ec960a4544ac3da50,0.5867
lr-fa1167b414f5dc2a011fbb7238723fa1,0.7536
lr-fa5e475b96ec85bb95d7d9ceb1fbfa1f,0.4537
lr-fb03749161e32d69bfd8d45a84d88d88,0.3609
lr-fc1dfb4f5a9e342d58bb63222016b79c,0.7233
lr-fc3ddc36847e544deeeb74ea575317d2,0.2518
lr-fc6f69842f19d1593a5fdb2390a9bfff,0.4013
lr-fd3fa7cb29469a7c5bf48b017fe53513,0.5941
lr-feebab25355577b7b84104144ea1bb0e,0.4032
lr-feffa3074deca956280ad565d276f3dd,0.2948
lr-ff211dedf98c71dc11ed79920ef8e931,0.3592
lr-ff55ac9ac223a055800a680cafa53bed,0.7818
lr-ff5fb424e282c656105ad2559deeddd4,0.6640
lr-ff8047d6117663b7c2b7e58f4abcbbd2,0.7999
lr-ffafa333877bf3b8181ea4cac594273d,0.7508
lr_0002,0.6490
lr_0007,0.6057
lr_0008,0.6218
lr_0011,0.6990
lr_0014,0.5224
lr_0020,0.5687
lr_0026,0.6688
lr_0029,0.7146
lr_0031,0.7230
lr_0034,0.7125
lr_0036,0.7058
lr_0037,0.7125
lr_0039,0.7035
lr_0043,0.7172
lr_0044,0.7174
lr_0045,0.7138
lr_0046,0.7047
lr_0047,0.7185
lr_0052,0.5838
lr_0055,0.6010
lr_0059,0.6397
lr_0060,0.7090
lr_0061,0.6265
lr_0065,0.6427
lr_0067,0.6898
lr_0068,0.6944
lr_0069,0.6782
lr_0072,0.6907
lr_0073,0.6453
lr_0080,0.6563
lr_0081,0.7219
lr_0082,0.7138
lr_0086,0.7242
lr_0091,0.6613
lr_0093,0.3067
lr_0095,0.2963
lr_0101,0.3024
lr_0102,0.3082
lr_0103,0.2918
lr_0104,0.2951
lr_0105,0.3038
lr_0111,0.3203
lr_0112,0.2928
lr_0117,0.6658
lr_0119,0.4712
lr_0122,0.6748
lr_0124,0.6894
lr_0125,0.6751
lr_0126,0.6957
lr_0128,0.4185
lr_0129,0.4167
lr_0131,0.4180
lr_0133,0.4247
lr_0152,0.7331
lr_0153,0.7412
lr_0154,0.7278
lr_0155,0.7456
lr_0156,0.7385
lr_0159,0.7400
lr_0160,0.7442
lr_0161,0.7378
lr_0162,0.6119
lr_0163,0.6053
lr_0166,0.5281
lr_0167,0.5036
lr_0168,0.6103
lr_0169,0.7331
lr_0171,0.7280
lr_0172,0.7279
lr_0174,0.7268
lr_0175,0.7342
lr_0263,0.5906
lr_0302,0.6547
lr_0306,0.6683
lr_0342,0.5586
lr_0352,0.7935
lr_0353,0.7882
lr_0356,0.7688
lr_0358,0.7759
lr_0359,0.7938
lr_0362,0.7854
lr_0363,0.7599
lr_0364,0.7063
lr_0366,0.7821
lr_0368,0.7788
lr_0373,0.7981
lr_0387,0.7399
lr_0388,0.7462
lr_0390,0.7250
lr_0391,0.7204
lr_0393,0.7360
lr_0398,0.7203
lr_0399,0.6530
lr_0401,0.7683
lr_0402,0.7864
lr_0405,0.7879
lr_0406,0.7104
lr_0410,0.7873
lr_0416,0.7899
lr_0418,0.7616
lr_0419,0.7844
lr_0420,0.7076
lr_0421,0.7913
lr_0426,0.7770
lr_0435,0.8019
lr_0436,0.7905
lr_0439,0.7863
lr_0440,0.7686
lr_0441,0.7278
lr_0443,0.1391
lr_0463,0.7056
lr_0464,0.7070
lr_0465,0.7100
lr_0471,0.7518
lr_0472,0.7550
lr_0473,0.7445
lr_0476,0.6644
lr_0498,0.7938
lr_0504,0.7272
lr_0505,0.7937
lr_0506,0.7970
lr_0507,0.7958
lr_0508,0.7932
lr_0509,0.7744
lr_0513,0.6941
lr_0514,0.7054
lr_0517,0.6641
lr_0519,0.7666
lr_0520,0.7638
lr_0522,0.7615
lr_0525,0.6944
lr_0528,0.7515
lr_0529,0.7807
lr_0530,0.7530
lr_0537,0.7683
lr_0540,0.7647
lr_0541,0.7679
lr_0544,0.6962
lr_0546,0.6340
lr_0547,0.7884
lr_0552,0.7445
lr_0554,0.7923
lr_0555,0.7805
lr_0559,0.7567
lr_0560,0.7613
lr_0563,0.7772
lr_0564,0.7849
lr_0565,0.7843
lr_0566,0.7860
lr_0567,0.7695
lr_0573,0.7851
lr_0574,0.7656
lr_0575,0.7896
lr_0578,0.7848
lr_0579,0.7769
lr_0580,0.7586
lr_0582,0.7717
lr_0585,0.7878
lr_0587,0.7402
lr_0588,0.7065
lr_0592,0.7953
lr_0593,0.7475
lr_0594,0.7777
lr_0599,0.7653
lr_0601,0.7153
lr_0602,0.5856
lr_0603,0.7850
lr_0605,0.8050
lr_0607,0.7696
lr_0608,0.7917
lr_0610,0.8038
lr_0611,0.7987
lr_0613,0.8039
lr_0614,0.8010
lr_0616,0.7613
lr_0617,0.2574
lr_0618,0.2542
lr_0620,0.2568
lr_0621,0.2608
lr_0624,0.2427
lr_0627,0.2629
lr_0631,0.2515
lr_0633,0.2360
lr_0634,0.2289
lr_0636,0.2406
lr_0637,0.2381
lr_0639,0.7011
lr_0640,0.7682
lr_0645,0.7399
lr_0647,0.7383
lr_0651,0.6999
lr_0652,0.3784
lr_0653,0.3707
lr_0654,0.3766
lr_0657,0.3699
lr_0658,0.3687
lr_0674,0.8053
lr_0675,0.8088
lr_0676,0.8237
lr_0678,0.8117
lr_0679,0.7870
lr_0680,0.8169
lr_0684,0.8217
lr_0687,0.6318
lr_0688,0.7051
lr_0690,0.6407
lr_0691,0.6315
lr_0693,0.5442
lr_0697,0.8011
lr_1051,0.3281
lr_1057,0.3002
lr_1058,0.3613
lr_1060,0.3379
lr_1061,0.3561
lr_1062,0.3233
lr_1063,0.3241
lr_1064,0.3029
lr_1070,0.3017
lr_1081,0.3095
lr_1082,0.3100
lr_1090,0.3193
lr_1095,0.3161
lr_1101,0.3296
lr_1106,0.3049
lr_1111,0.3277
lr_1122,0.3565
lr_1123,0.3373
lr_1125,0.2979
lr_1127,0.2964
lr_1129,0.3542
lr_1131,0.2929
lr_1134,0.3057
lr_1135,0.3104
lr_1138,0.3259
lr_1145,0.2452
lr_1147,0.2248
lr_1148,0.2430
lr_1149,0.2406
lr_1150,0.2268
lr_1155,0.2521
lr_1158,0.2422
lr_1160,0.2350
lr_1162,0.2468
lr_1165,0.3986
lr_1169,0.2576
lr_1170,0.3212
lr_1176,0.3117
lr_1180,0.3045
lr_1182,0.2830
lr_1183,0.2906
lr_1199,0.3220
lr_1200,0.3246
lr_1206,0.3245
lr_1207,0.3310
lr_1208,0.3254
lr_1212,0.2879
lr_1214,0.2839
lr_1218,0.2868
lr_1221,0.3218
lr_1226,0.4274
lr_1229,0.4058
lr_1231,0.4037
lr_1232,0.3257
lr_1233,0.4077
lr_1234,0.3926
lr_1235,0.4342
lr_1236,0.4456
lr_1241,0.3420
lr_1242,0.4044
lr_1243,0.4083
lr_1252,0.4192
lr_1256,0.4130
lr_1264,0.3847
lr_1266,0.4000
lr_1272,0.4166
lr_1274,0.3594
lr_1275,0.4015
lr_1276,0.4350
lr_1277,0.3931
lr_1278,0.4059
lr_1282,0.4169
lr_1289,0.4405
lr_1290,0.3894
lr_1291,0.4060
lr_1295,0.3697
lr_1296,0.4211
lr_1297,0.3898
lr_1298,0.4039
lr_1299,0.4058
lr_1305,0.4430
lr_1310,0.4056
lr_1313,0.4404
lr_1315,0.3659
lr_1320,0.2319
lr_1321,0.2190
lr_1323,0.2174
lr_1325,0.2246
lr_1326,0.2427
lr_1327,0.2442
lr_1330,0.2393
lr_1331,0.2588
lr_1332,0.2280
lr_1333,0.2486
lr_1334,0.2255
lr_1335,0.2236
lr_1336,0.2220
lr_1342,0.3690
lr_1343,0.3384
lr_1344,0.2701
lr_1346,0.3553
lr_1350,0.3386
lr_1351,0.3343
lr_1352,0.2793
lr_1353,0.2784
lr_1355,0.2867
lr_1356,0.2854
lr_1357,0.2979
lr_1358,0.2770
lr_1373,0.4140
lr_1378,0.4190
lr_1379,0.3760
lr_1380,0.4076
lr_1381,0.4360
lr_1383,0.4256
lr_1385,0.4167
lr_1386,0.3832
lr_1390,0.4064
lr_1391,0.3891
lr_1393,0.3372
lr_1395,0.3993
lr_1397,0.4334
lr_1398,0.3938
lr_1400,0.3666
lr_1401,0.4132
lr_1403,0.3830
lr_1407,0.3546
lr_1409,0.4211
lr_1410,0.4408
lr_1411,0.4143
lr_1413,0.4323
lr_1417,0.3914
lr_1418,0.4405
lr_1424,0.4588
lr_1427,0.4162
lr_1428,0.3422
lr_1429,0.4477
lr_1431,0.4385
lr_1432,0.4554
lr_1433,0.4507
lr_1435,0.4399
lr_1439,0.4196
lr_1441,0.4527
lr_1442,0.4245
lr_1444,0.4713
lr_1445,0.4306
lr_1447,0.4595
lr_1448,0.4543
lr_1454,0.4841
lr_1455,0.4410
lr_1458,0.4172
lr_1463,0.3690
lr_1464,0.4184
lr_1468,0.4787
lr_1469,0.4018
lr_1470,0.2118
lr_1474,0.3782
lr_1475,0.3673
lr_1476,0.4202
lr_1480,0.4031
lr_1485,0.4657
lr_1490,0.4519
lr_1491,0.4224
lr_1496,0.2423
lr_1498,0.2649
lr_1503,0.2478
lr_1504,0.2427
lr_1507,0.2389
lr_1512,0.2599
lr_1513,0.3974
lr_1516,0.4375
lr_1519,0.2375
lr_1521,0.3946
lr_1524,0.3736
lr_1525,0.3859
lr_1527,0.3141
lr_1529,0.3172
lr_1533,0.3037
lr_1552,0.4566
lr_1555,0.4684
lr_1556,0.4825
lr_1558,0.4889
lr_1560,0.4586
lr_1561,0.4501
lr_1564,0.4315
lr_1566,0.4109
lr_1567,0.4380
lr_1568,0.3799
lr_1571,0.4662
lr_1574,0.4600
lr_1576,0.4618
lr_1580,0.4744
lr_1582,0.3965
lr_1584,0.4357
lr_1586,0.4379
lr_1587,0.3942
lr_1594,0.4255
lr_1595,0.3675
lr_1600,0.4776
lr_1601,0.4117
lr_1604,0.4095
lr_1606,0.4515
lr_1607,0.4285
lr_1609,0.4312
lr_1610,0.4419
lr_1612,0.3957
lr_1614,0.4563
lr_1618,0.4816
lr_1621,0.4561
lr_1622,0.4542
lr_1623,0.4402
lr_1625,0.4385
lr_1628,0.4477
lr_1629,0.4176
lr_1632,0.4514
lr_1633,0.4526
lr_1636,0.4781
lr_1639,0.4579
lr_1640,0.4288
lr_1641,0.4402
lr_1643,0.4618
lr_1651,0.4310
lr_1652,0.3882
lr_1653,0.4813
lr_1654,0.4528
lr_1655,0.4621
lr_1657,0.4277
lr_1658,0.4199
lr_1659,0.4133
lr_1666,0.4202
lr_1670,0.2561
lr_1673,0.2451
lr_1676,0.2521
lr_1677,0.2552
lr_1679,0.2501
lr_1684,0.2399
lr_1688,0.3769
lr_1689,0.3864
lr_1691,0.3703
lr_1692,0.3559
lr_1696,0.3638
lr_1700,0.3612
lr_1701,0.3528
lr_1702,0.3162
lr_1703,0.3252
lr_1705,0.3022
lr_1727,0.4408
lr_1729,0.4128
lr_1732,0.4625
lr_1735,0.4922
lr_1736,0.4284
lr_1738,0.4330
lr_1739,0.4465
lr_1740,0.4115
lr_1743,0.3512
lr_1744,0.4486
lr_1747,0.4614
lr_1748,0.4524
lr_1752,0.6242
lr_1756,0.5939
lr_1757,0.4772
lr_1758,0.6248
lr_1762,0.6163
lr_1767,0.5965
lr_1769,0.5679
lr_1771,0.5157
lr_1772,0.6017
lr_1774,0.6207
lr_1781,0.6004
lr_1789,0.6127
lr_1794,0.6072
lr_1795,0.6003
lr_1796,0.6081
lr_1799,0.6092
lr_1800,0.6257
lr_1801,0.6234
lr_1807,0.6216
lr_1811,0.6113
lr_1815,0.6011
lr_1819,0.5791
lr_1821,0.6261
lr_1822,0.6136
lr_1826,0.6119
lr_1827,0.5217
lr_1828,0.5880
lr_1829,0.5930
lr_1830,0.6184
lr_1831,0.6152
lr_1832,0.6197
lr_1845,0.2814
lr_1846,0.2892
lr_1847,0.2883
lr_1853,0.2759
lr_1859,0.2959
lr_1862,0.2939
lr_1863,0.5982
lr_1866,0.5850
lr_1868,0.6019
lr_1869,0.4292
lr_1871,0.6045
lr_1875,0.6185
lr_1882,0.3748
lr_1898,0.6321
lr_1899,0.6331
lr_1903,0.6379
lr_1904,0.6160
lr_1907,0.6284
lr_1908,0.6365
lr_1912,0.5806
lr_1913,0.6068
lr_1916,0.5845
lr_1918,0.5380
lr_1921,0.6178
lr_1933,0.7187
lr_1938,0.6804
lr_1944,0.6914
lr_1947,0.6632
lr_1948,0.6672
lr_1954,0.5278
lr_1955,0.5598
lr_1956,0.4786
lr_1957,0.5888
lr_1960,0.6364
lr_1961,0.5344
lr_1963,0.6363
lr_1964,0.4962
lr_1965,0.5875
lr_1968,0.5224
lr_1971,0.6038
lr_1973,0.6066
lr_1974,0.6366
lr_1979,0.6535
lr_1981,0.7201
lr_1984,0.6767
lr_1985,0.7147
lr_1986,0.7168
lr_1987,0.6989
lr_1992,0.7033
lr_1995,0.6712
lr_1996,0.6875
lr_1997,0.7069
lr_1998,0.7238
lr_1999,0.7230
lr_2000,0.7035
lr_2001,0.6876
lr_2002,0.6592
lr_2004,0.7134
lr_2005,0.7302
lr_2006,0.6970
lr_2010,0.6887
lr_2011,0.6771
lr_2013,0.6800
lr_2014,0.6541
lr_2017,0.2211
lr_2022,0.2022
lr_2023,0.1896
lr_2029,0.2453
lr_2033,0.2172
lr_2035,0.2309
lr_2038,0.7436
lr_2047,0.6316
lr_2051,0.7619
lr_2052,0.2809
lr_2053,0.2678
lr_2054,0.3041
lr_2057,0.2688
lr_2073,0.6717
lr_2077,0.6788
lr_2079,0.7637
lr_2083,0.6715
lr_2084,0.6614
lr_2086,0.7723
lr_2087,0.5631
lr_2091,0.6042
lr_2093,0.6048
lr_2095,0.6091
lr_2096,0.5544
lr_2098,0.6098
lr_2101,0.2648
lr_2103,0.2763
lr_2104,0.2640
lr_2106,0.2765
lr_2110,0.2516
lr_2111,0.2732
lr_2116,0.2746
lr_2119,0.2881
lr_2121,0.2692
lr_2122,0.2660
lr_2123,0.2748
lr_2124,0.2873
lr_2126,0.2774
lr_2127,0.2745
lr_2129,0.2624
lr_2130,0.2573
lr_2132,0.2619
lr_2135,0.2624
lr_2136,0.2690
lr_2137,0.2501
lr_2139,0.2634
lr_2141,0.2632
lr_2142,0.2618
lr_2143,0.2705
lr_2145,0.2639
lr_2146,0.2600
lr_2150,0.2747
lr_2159,0.2784
lr_2163,0.2744
lr_2164,0.2748
lr_2165,0.2824
lr_2166,0.2695
lr_2167,0.2743
lr_2169,0.2675
lr_2171,0.2831
lr_2172,0.2814
lr_2174,0.2761
lr_2178,0.2731
lr_2182,0.2772
lr_2184,0.2668
lr_2188,0.2633
lr_2189,0.2697
lr_2193,0.1273
lr_2206,0.1259
lr_2213,0.3010
lr_2214,0.3155
lr_2218,0.2883
lr_2219,0.2678
lr_2220,0.2778
lr_2222,0.2748
lr_2224,0.2753
lr_2230,0.1465
lr_2252,0.2665
lr_2255,0.2630
lr_2257,0.2657
lr_2258,0.2704
lr_2260,0.2615
lr_2264,0.2337
lr_2272,0.2695
lr_2274,0.2579
lr_2275,0.2604
lr_2276,0.8154
lr_2279,0.7992
lr_2280,0.8082
lr_2284,0.7894
lr_2289,0.6681
lr_2292,0.8131
lr_2293,0.8094
lr_2294,0.8250
lr_2298,0.8130
lr_2299,0.8075
lr_2303,0.6386
lr_2304,0.7344
lr_2305,0.7355
lr_2306,0.7232
lr_2310,0.8116
lr_2312,0.7446
lr_2314,0.7462
lr_2316,0.7804
lr_2318,0.7478
lr_2320,0.7540
lr_2323,0.7757
lr_2324,0.8208
lr_2329,0.8204
lr_2330,0.8082
lr_2335,0.8155
lr_2337,0.8163
lr_2340,0.8096
lr_2341,0.8167
lr_2342,0.8136
lr_2345,0.6983
lr_2346,0.8110
lr_2347,0.7998
lr_2350,0.8090
lr_2352,0.6731
lr_2353,0.8188
lr_2357,0.8199
lr_2363,0.8036
lr_2364,0.8290
lr_2373,0.1346
lr_2381,0.1358
lr_2384,0.1256
lr_2388,0.8425
lr_2389,0.8411
lr_2392,0.8108
lr_2400,0.7858
lr_2405,0.1997
lr_2426,0.8142
lr_2429,0.8327
lr_2433,0.8185
lr_2435,0.8259
lr_2436,0.8404
lr_2437,0.7012
lr_2438,0.6847
lr_2439,0.6954
lr_2447,0.7804
lr_2449,0.7833
lr_2450,0.8328
lr_2627,0.8014
lr_2628,0.8014
lr_2630,0.8235
lr_2631,0.8001
lr_2633,0.8139
lr_2634,0.8244
lr_2637,0.8183
lr_2641,0.8226
lr_2642,0.8299
lr_2643,0.7905
lr_2644,0.8254
lr_2645,0.8237
lr_2647,0.7780
lr_2650,0.8099
lr_2653,0.7629
lr_2656,0.8479
lr_2657,0.8352
lr_2661,0.8451
lr_2662,0.8402
lr_2663,0.8492
lr_2665,0.8396
lr_2667,0.8541
lr_2668,0.8398
lr_2669,0.8455
lr_2671,0.8442
lr_2673,0.8474
lr_2674,0.8453
lr_2676,0.8199
lr_2677,0.8226
lr_2678,0.8367
lr_2683,0.7973
lr_2684,0.8255
lr_2685,0.7656
lr_2689,0.8349
lr_2691,0.8332
lr_2692,0.8429
lr_2695,0.7902
lr_2698,0.8005
lr_2700,0.8295
lr_2703,0.8138
lr_2707,0.8137
lr_2708,0.8287
lr_2710,0.8357
lr_2711,0.8470
lr_2712,0.8446
lr_2713,0.8449
lr_2714,0.8350
lr_2716,0.8347
lr_2718,0.3564
lr_2722,0.3464
lr_2724,0.3471
lr_2725,0.3518
lr_2728,0.3118
lr_2732,0.3266
lr_2741,0.7870
lr_2742,0.7409
lr_2744,0.5824
lr_2747,0.7674
lr_2749,0.7596
lr_2750,0.7708
lr_2755,0.6728
lr_2756,0.6945
lr_2773,0.8599
lr_2777,0.8569
lr_2779,0.8552
lr_2782,0.8617
lr_2784,0.8556
lr_2788,0.7750
lr_2791,0.7993
lr_2792,0.7964
lr_2794,0.8555
lr_2797,0.8555
lr_2798,0.8546
lr_2799,0.8512
lr_2804,0.3770
lr_2806,0.3793
lr_2807,0.2641
lr_2809,0.4045
lr_2811,0.4011
lr_2813,0.3544
lr_2826,0.3732
lr_2828,0.2571
lr_2831,0.3076
lr_2832,0.3102
lr_2834,0.3085
lr_2835,0.2561
lr_2836,0.3228
lr_2837,0.3131
lr_2838,0.3152
lr_2841,0.3063
lr_2845,0.3259
lr_2846,0.3345
lr_2847,0.3092
lr_2848,0.3085
lr_2850,0.4007
lr_2854,0.3653
lr_2856,0.3086
lr_2858,0.3738
lr_2859,0.3744
lr_2864,0.3890
lr_2866,0.4125
lr_2867,0.3885
lr_2870,0.2616
lr_2873,0.3802
lr_2874,0.4246
lr_2876,0.3698
lr_2877,0.2712
lr_2883,0.3521
lr_2884,0.2579
lr_2885,0.3571
lr_2887,0.3557
lr_2889,0.3550
lr_2890,0.3529
lr_2891,0.2534
lr_2914,0.4730
lr_2919,0.2573
lr_2920,0.3584
lr_2921,0.3545
lr_2923,0.3531
lr_2924,0.3640
lr_2925,0.3480
lr_2952,0.3526
lr_2953,0.3216
lr_2955,0.3534
lr_2956,0.3639
lr_2961,0.2473
lr_2962,0.3339
lr_2970,0.3278
lr_2972,0.3276
lr_2974,0.3211
lr_2975,0.2575
lr_2976,0.5592
lr_2978,0.5669
lr_2979,0.5398
lr_2981,0.5861
lr_2982,0.6848
lr_2988,0.5321
lr_2989,0.7223
lr_2991,0.5424
lr_2992,0.5261
lr_2997,0.4906
lr_3000,0.5613
lr_3004,0.4408
lr_3008,0.4714
lr_3010,0.5401
lr_3011,0.4226
lr_3015,0.4489
lr_3016,0.4352
lr_3020,0.4441
lr_3023,0.4576
lr_3024,0.5312
lr_3025,0.5520
lr_3026,0.5032
lr_3030,0.5364
lr_3035,0.5347
lr_3036,0.5411
lr_3037,0.5467
lr_3038,0.7405
lr_3039,0.5280
lr_3041,0.5193
lr_3042,0.5340
lr_3043,0.5620
lr_3044,0.5379
lr_3045,0.7233
lr_3048,0.5315
lr_3050,0.5428
lr_3053,0.5272
lr_3054,0.5375
lr_3055,0.5656
lr_3057,0.5629
lr_3058,0.5694
lr_3066,0.7003
lr_3090,0.7774
lr_3091,0.7847
lr_3093,0.7593
lr_3095,0.5968
lr_3096,0.6115
lr_3097,0.5921
lr_3098,0.5916
lr_3101,0.8090
lr_3123,0.4759
lr_3125,0.5232
lr_3128,0.5176
lr_3129,0.7084
lr_3131,0.4867
lr_3134,0.5014
lr_3136,0.6985
lr_3138,0.3543
lr_3140,0.3789
lr_3144,0.4593
lr_3145,0.4635
lr_3147,0.4801
lr_3148,0.4557
lr_3149,0.4864
lr_3150,0.5452
lr_3505,0.8042
lr_3509,0.7971
lr_3514,0.7176
lr_3520,0.7732
lr_3522,0.7861
lr_3525,0.7916
lr_3528,0.7538
lr_3530,0.7439
lr_3531,0.7334
lr_3532,0.7338
lr_3533,0.7513
lr_3536,0.7379
lr_3537,0.7397
lr_3540,0.7507
lr_3543,0.7439
lr_3544,0.7495
lr_3548,0.7447
lr_3549,0.7910
lr_3551,0.8146
lr_3552,0.7924
lr_3553,0.8067
lr_3554,0.8098
lr_3555,0.8172
lr_3558,0.7940
lr_3559,0.8081
lr_3560,0.7772
lr_3566,0.8071
lr_3567,0.7944
lr_3568,0.7844
lr_3573,0.8058
lr_3574,0.7876
lr_3576,0.8036
lr_3577,0.7376
lr_3579,0.8092
lr_3580,0.8140
lr_3581,0.7994
lr_3585,0.7969
lr_3587,0.8002
lr_3589,0.8114
lr_3591,0.8242
lr_3595,0.1264
lr_3596,0.1609
lr_3598,0.1311
lr_3608,0.1368
lr_3611,0.1351
lr_3614,0.8360
lr_3615,0.8322
lr_3618,0.7517
lr_3625,0.8127
lr_3626,0.8377
lr_3627,0.2361
lr_3628,0.2422
lr_3632,0.2545
lr_3656,0.8014
lr_3657,0.7953
lr_3659,0.8053
lr_3662,0.6885
lr_3667,0.6764
lr_3670,0.7588
lr_3675,0.8164
lr_3676,0.7737
lr_3677,0.7728
lr_3682,0.5266
lr_3683,0.7755
lr_3684,0.7271
lr_3687,0.7652
lr_3688,0.7153
lr_3689,0.5179
lr_3690,0.7913
lr_3694,0.7654
lr_3699,0.7636
lr_3700,0.7879
lr_3701,0.7671
lr_3702,0.6928
lr_3704,0.7270
lr_3706,0.7271
lr_3708,0.7436
lr_3712,0.7377
lr_3713,0.7226
lr_3714,0.7339
lr_3715,0.7304
lr_3717,0.7003
lr_3718,0.7131
lr_3720,0.7274
lr_3726,0.7764
lr_3729,0.7731
lr_3730,0.7201
lr_3733,0.7784
lr_3734,0.7736
lr_3735,0.7772
lr_3736,0.7794
lr_3737,0.7534
lr_3741,0.7754
lr_3746,0.7867
lr_3747,0.7573
lr_3749,0.7597
lr_3751,0.6990
lr_3752,0.4545
lr_3755,0.7712
lr_3757,0.7787
lr_3763,0.7847
lr_3764,0.7909
lr_3769,0.1270
lr_3771,0.1548
lr_3782,0.1515
lr_3789,0.8041
lr_3791,0.8093
lr_3796,0.7263
lr_3802,0.1573
lr_3806,0.1563
lr_3823,0.7732
lr_3825,0.7766
lr_3828,0.7849
lr_3833,0.7742
lr_3834,0.7874
lr_3836,0.7412
lr_3839,0.6801
lr_3842,0.6925
lr_3843,0.1508
lr_3846,0.7461
lr_3848,0.7601
lr_3851,0.7154
lr_3853,0.7237
lr_3855,0.7336
lr_3858,0.7174
lr_3866,0.7238
lr_3867,0.7189
lr_3869,0.7189
lr_3870,0.7492
lr_3872,0.7128
lr_3875,0.7288
lr_3878,0.7373
lr_3883,0.6441
lr_3885,0.7189
lr_3890,0.6576
lr_3891,0.6614
lr_3895,0.6785
lr_3899,0.7176
lr_3900,0.7225
lr_3901,0.7131
lr_3903,0.7142
lr_3904,0.7354
lr_3905,0.7225
lr_3906,0.7798
lr_3908,0.7410
lr_3909,0.7276
lr_3910,0.7138
lr_3911,0.7366
lr_3913,0.7130
lr_3917,0.7251
lr_3921,0.7290
lr_3924,0.7143
lr_3925,0.7503
lr_3927,0.7361
lr_3928,0.7250
lr_3930,0.7280
lr_3932,0.7121
lr_3934,0.7712
lr_3936,0.7147
lr_3938,0.7263
lr_3940,0.7376
lr_3950,0.1309
lr_3956,0.1478
lr_3958,0.1373
lr_3960,0.1489
lr_3964,0.7513
lr_3967,0.7905
lr_3970,0.7077
lr_3971,0.6833
lr_3972,0.7004
lr_3978,0.2243
lr_3981,0.2429
lr_4007,0.7203
lr_4008,0.7269
lr_4012,0.5968
lr_4014,0.5790
lr_4015,0.5478
lr_4016,0.5414
lr_4017,0.5519
lr_4019,0.6772
lr_4020,0.6836
lr_4021,0.6845
lr_4022,0.6826
lr_4023,0.6932
lr_4027,0.7947
lr_4028,0.7748
lr_4031,0.8070
lr_4032,0.7747
lr_4038,0.7988
lr_4039,0.7611
lr_4040,0.7347
lr_4041,0.7642
lr_4042,0.7891
lr_4044,0.7850
lr_4046,0.7729
lr_4053,0.7405
lr_4054,0.7839
lr_4055,0.7917
lr_4058,0.7921
lr_4059,0.7911
lr_4061,0.7836
lr_4062,0.7790
lr_4066,0.7882
lr_4067,0.8195
lr_4069,0.7882
lr_4070,0.7859
lr_4077,0.8025
lr_4081,0.7980
lr_4082,0.7555
lr_4083,0.7535
lr_4084,0.7917
lr_4086,0.7319
lr_4089,0.8073
lr_4091,0.7793
lr_4093,0.8134
lr_4094,0.7700
lr_4097,0.7790
lr_4098,0.7635
lr_4102,0.7250
lr_4103,0.7864
lr_4104,0.7971
lr_4107,0.8188
lr_4111,0.8115
lr_4112,0.8068
lr_4113,0.8167
lr_4117,0.2823
lr_4118,0.2561
lr_4123,0.2951
lr_4126,0.2813
lr_4129,0.3300
lr_4132,0.2810
lr_4136,0.2445
lr_4139,0.8025
lr_4142,0.7803
lr_4145,0.7929
lr_4148,0.7910
lr_4151,0.8392
lr_4153,0.3813
lr_4155,0.3961
lr_4174,0.8262
lr_4175,0.8293
lr_4178,0.8343
lr_4182,0.8224
lr_4183,0.8239
lr_4189,0.6432
lr_4190,0.7171
lr_4192,0.6635
lr_4193,0.7162
lr_4195,0.7998
lr_4198,0.8012
lr_4200,0.8326
lr_4201,0.7502
lr_4203,0.7554
lr_4209,0.7734
lr_4211,0.7613
lr_4214,0.7668
lr_4215,0.7626
lr_4217,0.7707
lr_4219,0.7582
lr_4221,0.7638
lr_4223,0.7736
lr_4228,0.7491
lr_4229,0.6503
lr_4234,0.6819
lr_4235,0.7286
lr_4236,0.6676
lr_4238,0.6453
lr_4240,0.6613
lr_4242,0.7230
lr_4245,0.6561
lr_4246,0.6798
lr_4251,0.7597
lr_4252,0.7618
lr_4253,0.7709
lr_4254,0.7647
lr_4261,0.7535
lr_4262,0.7806
lr_4263,0.7585
lr_4264,0.7662
lr_4266,0.7708
lr_4267,0.7400
lr_4270,0.7923
lr_4273,0.7779
lr_4275,0.7783
lr_4278,0.7667
lr_4279,0.7651
lr_4280,0.7619
lr_4282,0.7639
lr_4283,0.7917
lr_4287,0.7257
lr_4291,0.8032
lr_4301,0.1256
lr_4304,0.1359
lr_4308,0.1562
lr_4309,0.1400
lr_4310,0.1251
lr_4311,0.1609
lr_4314,0.7962
lr_4316,0.7906
lr_4318,0.7846
lr_4322,0.7258
lr_4324,0.7493
lr_4328,0.2081
lr_4331,0.1915
lr_4348,0.7307
lr_4353,0.7456
lr_4354,0.8174
lr_4355,0.7408
lr_4359,0.7506
lr_4361,0.8195
lr_4362,0.5991
lr_4363,0.6144
lr_4366,0.6361
lr_4374,0.7041
lr_4375,0.7582
lr_4376,0.3820
lr_4380,0.2241
lr_4386,0.2805
lr_4392,0.4609
lr_4402,0.4039
lr_4406,0.3399
lr_4407,0.2325
lr_4410,0.2632
lr_4411,0.3627
lr_4422,0.3794
lr_4428,0.5047
lr_4429,0.4435
lr_4431,0.1622
lr_4436,0.4743
lr_4437,0.2886
lr_4441,0.3684
lr_4443,0.2293
lr_4450,0.2674
lr_4453,0.2351
lr_4459,0.2198
lr_4461,0.5560
lr_4481,0.1348
lr_4482,0.1474
lr_4484,0.1555
lr_4487,0.1313
lr_4491,0.2020
lr_4494,0.1385
lr_4496,0.1898
lr_4506,0.2648
lr_4507,0.2400
lr_4525,0.2568
lr_4527,0.2939
lr_4531,0.1799
lr_4534,0.5393
lr_4540,0.4554
lr_4543,0.4045
lr_4544,0.3548
lr_4545,0.4022
lr_4547,0.4099
lr_4552,0.5692
lr_4553,0.5898
lr_4556,0.5449
lr_4558,0.5892
lr_4561,0.5736
lr_4562,0.5640
lr_4565,0.5958
lr_4567,0.5870
lr_4568,0.5671
lr_4569,0.5554
lr_4571,0.4111
lr_4574,0.5707
lr_4575,0.5663
lr_4577,0.5540
lr_4578,0.4289
lr_4582,0.5769
lr_4583,0.5653
lr_4590,0.5652
lr_4592,0.4962
lr_4593,0.5788
lr_4594,0.5802
lr_4596,0.5739
lr_4597,0.5661
lr_4598,0.5598
lr_4601,0.5969
lr_4603,0.5981
lr_4605,0.5615
lr_4606,0.4417
lr_4608,0.5894
lr_4610,0.5995
lr_4614,0.5705
lr_4617,0.5954
lr_4621,0.5995
lr_4623,0.5775
lr_4624,0.5886
lr_4626,0.5649
lr_4627,0.3595
lr_4629,0.5957
lr_4633,0.5538
lr_4634,0.4520
lr_4636,0.5827
lr_4638,0.5811
lr_4643,0.2706
lr_4644,0.2429
lr_4645,0.2602
lr_4648,0.2567
lr_4654,0.2586
lr_4656,0.2533
lr_4658,0.2523
lr_4662,0.2679
lr_4663,0.5690
lr_4666,0.5519
lr_4667,0.5330
lr_4669,0.3410
lr_4672,0.5351
lr_4673,0.5403
lr_4674,0.5107
lr_4675,0.5160
lr_4676,0.4463
lr_4678,0.3666
lr_4679,0.3646
lr_4680,0.3572
lr_4682,0.3455
lr_4683,0.3627
lr_4703,0.5730
lr_4712,0.5745
lr_4713,0.5687
lr_4715,0.5513
lr_4717,0.5261
lr_4722,0.5775
lr_4723,0.5715
lr_4728,0.3594
lr_4731,0.3223
lr_4733,0.3698
lr_4734,0.3643
lr_4735,0.3744
lr_4738,0.3525
lr_4743,0.3492
lr_4748,0.3641
lr_4750,0.3599
lr_4752,0.3420
lr_4753,0.2358
lr_4754,0.3005
lr_4756,0.3210
lr_4757,0.3007
lr_4758,0.2812
lr_4762,0.3122
lr_4763,0.2799
lr_4765,0.2849
lr_4766,0.2824
lr_4767,0.2459
lr_4771,0.3095
lr_4773,0.2656
lr_4777,0.3704
lr_4778,0.3630
lr_4780,0.3589
lr_4782,0.3235
lr_4791,0.3616
lr_4792,0.3565
lr_4793,0.3565
lr_4794,0.3444
lr_4799,0.3783
lr_4801,0.3355
lr_4803,0.3754
lr_4805,0.3661
lr_4808,0.3367
lr_4809,0.2263
lr_4810,0.3475
lr_4813,0.3585
lr_4835,0.1319
lr_4839,0.3724
lr_4840,0.3798
lr_4844,0.2153
lr_4845,0.3404
lr_4848,0.3396
lr_4849,0.3438
lr_4851,0.2331
lr_4855,0.1358
lr_4873,0.3576
lr_4884,0.3641
lr_4885,0.3382
lr_4891,0.2567
lr_4897,0.3463
lr_4898,0.3346
lr_4904,0.7746
lr_4906,0.7900
lr_4910,0.7828
lr_4913,0.7931
lr_4914,0.7242
lr_4916,0.7996
lr_4919,0.7856
lr_4920,0.7930
lr_4921,0.7185
lr_4922,0.7905
lr_4924,0.8027
lr_4925,0.7862
lr_4927,0.7922
lr_4928,0.6860
lr_4932,0.7715
lr_4938,0.7600
lr_4940,0.7592
lr_4941,0.7569
lr_4942,0.7140
lr_4944,0.7642
lr_4945,0.7673
lr_4948,0.7590
lr_4949,0.7166
lr_4951,0.7984
lr_4955,0.7945
lr_4962,0.7778
lr_4963,0.7305
lr_4965,0.7905
lr_4966,0.7821
lr_4973,0.7968
lr_4975,0.7923
lr_4977,0.7317
lr_4984,0.7373
lr_4987,0.7964
lr_4988,0.8060
lr_4991,0.7514
lr_4995,0.1890
lr_4996,0.2496
lr_4999,0.1515
lr_5000,0.1433
lr_5005,0.2764
lr_5010,0.2438
lr_5013,0.7890
lr_5018,0.7710
lr_5020,0.7961
lr_5022,0.7813
lr_5023,0.7890
lr_5024,0.7791
lr_5027,0.3742
lr_5032,0.3773
lr_5048,0.8031
lr_5049,0.8004
lr_5050,0.8036
lr_5053,0.7920
lr_5054,0.7664
lr_5056,0.8050
lr_5058,0.7983
lr_5060,0.7971
lr_5062,0.7212
lr_5066,0.7051
lr_5070,0.7770
lr_5071,0.7798
lr_5073,0.7751
lr_5077,0.4258
lr_5079,0.4339
lr_5080,0.4572
lr_5081,0.4569
lr_5084,0.4444
lr_5085,0.4532
lr_5086,0.4519
lr_5087,0.4271
lr_5088,0.4303
lr_5089,0.4033
lr_5093,0.4528
lr_5094,0.4374
lr_5096,0.3922
lr_5097,0.4353
lr_5098,0.4448
lr_5100,0.4466
lr_5104,0.4781
lr_5105,0.4691
lr_5107,0.4741
lr_5112,0.4745
lr_5126,0.4667
lr_5128,0.4461
lr_5129,0.4529
lr_5136,0.4661
lr_5137,0.4486
lr_5140,0.4498
lr_5141,0.4647
lr_5144,0.4581
lr_5147,0.4277
lr_5148,0.4504
lr_5150,0.4237
lr_5155,0.4786
lr_5157,0.4682
lr_5161,0.4775
lr_5162,0.4899
lr_5165,0.4744
lr_5170,0.3003
lr_5172,0.2919
lr_5173,0.2876
lr_5176,0.2966
lr_5177,0.3047
lr_5179,0.2930
lr_5180,0.2861
lr_5186,0.2929
lr_5188,0.4638
lr_5189,0.4694
lr_5191,0.4582
lr_5194,0.3410
lr_5195,0.4478
lr_5197,0.4628
lr_5199,0.4549
lr_5201,0.3915
lr_5202,0.3764
lr_5203,0.3778
lr_5205,0.3749
lr_5207,0.3729
lr_5227,0.4855
lr_5229,0.4537
lr_5230,0.4845
lr_5233,0.4806
lr_5236,0.4473
lr_5238,0.4305
lr_5246,0.4790
lr_5247,0.4811
lr_5249,0.4820
lr_5250,0.4592
